﻿<?xml version="1.0" encoding="utf-8"?>
<key id="ea8d07d0-93a4-488c-929e-6273c8f4a355" version="1">
  <creationDate>2019-05-08T22:45:56.6253404Z</creationDate>
  <activationDate>2019-05-08T22:45:56.6243797Z</activationDate>
  <expirationDate>2019-08-06T22:45:56.6243797Z</expirationDate>
  <descriptor deserializerType="Microsoft.AspNetCore.DataProtection.AuthenticatedEncryption.ConfigurationModel.AuthenticatedEncryptorDescriptorDeserializer, Microsoft.AspNetCore.DataProtection, Version=3.0.0.0, Culture=neutral, PublicKeyToken=adb9793829ddae60">
    <descriptor>
      <encryption algorithm="AES_256_CBC" />
      <validation algorithm="HMACSHA256" />
      <masterKey p4:requiresEncryption="true" xmlns:p4="http://schemas.asp.net/2015/03/dataProtection">
        <!-- Warning: the key below is in an unencrypted form. -->
        <value>tiIv7oD/Tnu8ZnjxMPfSKrG0zEEZnJhHDZwvS0BP1c9YYmXaqo1Go/5jVIec3pCIb/ZJOWYNv3WeZ5DKI7cIcA==</value>
      </masterKey>
    </descriptor>
  </descriptor>
</key>