{
  "ContentTypeDefinitionRecords": [
    {
      "Name": "Menu",
      "DisplayName": "Menu",
      "Settings": {
        "ContentTypeSettings": {
          "Listable": true,
          "Draftable": true,
          "Versionable": true
        }
      },
      "ContentTypePartDefinitionRecords": [
        {
          "PartName": "TitlePart",
          "Name": "TitlePart",
          "Settings": {
            "ContentTypePartSettings": {
              "Position": "0"
            }
          }
        },
        {
          "PartName": "AliasPart",
          "Name": "AliasPart",
          "Settings": {
            "AliasPartSettings": {
              "Pattern": "{{ ContentItem | display_text | slugify }}"
            },
            "ContentTypePartSettings": {
              "Position": "1"
            }
          }
        },
        {
          "PartName": "MenuPart",
          "Name": "MenuPart",
          "Settings": {
            "ContentTypePartSettings": {
              "Position": "2"
            }
          }
        },
        {
          "PartName": "MenuItemsListPart",
          "Name": "MenuItemsListPart",
          "Settings": {}
        }
      ]
    },
    {
      "Name": "LinkMenuItem",
      "DisplayName": "Link Menu Item",
      "Settings": {
        "ContentTypeSettings": {
          "Stereotype": "MenuItem"
        }
      },
      "ContentTypePartDefinitionRecords": [
        {
          "PartName": "LinkMenuItemPart",
          "Name": "LinkMenuItemPart",
          "Settings": {
            "ContentTypePartSettings": {
              "Position": "0"
            }
          }
        },
        {
          "PartName": "LinkMenuItem",
          "Name": "LinkMenuItem",
          "Settings": {
            "ContentTypePartSettings": {
              "Position": "1"
            }
          }
        }
      ]
    },
    {
      "Name": "ContentMenuItem",
      "DisplayName": "Content Menu Item",
      "Settings": {
        "ContentTypeSettings": {
          "Stereotype": "MenuItem"
        },
        "FullTextAspectSettings": {}
      },
      "ContentTypePartDefinitionRecords": [
        {
          "PartName": "ContentMenuItemPart",
          "Name": "ContentMenuItemPart",
          "Settings": {
            "ContentTypePartSettings": {
              "Position": "0"
            }
          }
        },
        {
          "PartName": "ContentMenuItem",
          "Name": "ContentMenuItem",
          "Settings": {
            "ContentTypePartSettings": {
              "Position": "1"
            }
          }
        }
      ]
    },
    {
      "Name": "LiquidPage",
      "DisplayName": "Liquid Page",
      "Settings": {
        "ContentTypeSettings": {
          "Creatable": true,
          "Draftable": true,
          "Versionable": true,
          "Listable": true
        }
      },
      "ContentTypePartDefinitionRecords": [
        {
          "PartName": "LiquidPage",
          "Name": "LiquidPage",
          "Settings": {
            "ContentTypePartSettings": {
              "Position": "2"
            }
          }
        },
        {
          "PartName": "AutoroutePart",
          "Name": "AutoroutePart",
          "Settings": {
            "AutoroutePartSettings": {
              "AllowCustomPath": true,
              "Pattern": "{{ Model.ContentItem | display_text | slugify }}",
              "ShowHomepageOption": true
            },
            "ContentTypePartSettings": {
              "Position": "1"
            }
          }
        },
        {
          "PartName": "LiquidPart",
          "Name": "LiquidPart",
          "Settings": {
            "ContentTypePartSettings": {
              "Position": "3"
            }
          }
        },
        {
          "PartName": "TitlePart",
          "Name": "TitlePart",
          "Settings": {
            "ContentTypePartSettings": {
              "Position": "0"
            }
          }
        }
      ]
    },
    {
      "Name": "HtmlWidget",
      "DisplayName": "Html",
      "Settings": {
        "ContentTypeSettings": {
          "Draftable": true,
          "Versionable": true,
          "Securable": true,
          "Stereotype": "Widget"
        }
      },
      "ContentTypePartDefinitionRecords": [
        {
          "PartName": "HtmlWidget",
          "Name": "HtmlWidget",
          "Settings": {
            "ContentTypePartSettings": {
              "Position": "0"
            }
          }
        }
      ]
    },
    {
      "Name": "Page",
      "DisplayName": "Page",
      "Settings": {
        "ContentTypeSettings": {
          "Creatable": true,
          "Draftable": true,
          "Versionable": true,
          "Listable": true,
          "Securable": true
        }
      },
      "ContentTypePartDefinitionRecords": [
        {
          "PartName": "Page",
          "Name": "Page",
          "Settings": {
            "ContentTypePartSettings": {
              "Position": "3"
            }
          }
        },
        {
          "PartName": "AutoroutePart",
          "Name": "AutoroutePart",
          "Settings": {
            "ContentTypePartSettings": {
              "Position": "1"
            },
            "AutoroutePartSettings": {
              "AllowCustomPath": true,
              "Pattern": "{{ Model.ContentItem | display_text | slugify }}",
              "ShowHomepageOption": true
            }
          }
        },
        {
          "PartName": "FlowPart",
          "Name": "FlowPart",
          "Settings": {
            "ContentTypePartSettings": {
              "Position": "2"
            }
          }
        },
        {
          "PartName": "TitlePart",
          "Name": "TitlePart",
          "Settings": {
            "ContentTypePartSettings": {
              "Position": "0"
            }
          }
        }
      ]
    },
    {
      "Name": "LandingPage",
      "DisplayName": "Landing Page",
      "Settings": {
        "ContentTypeSettings": {
          "Creatable": true,
          "Draftable": true,
          "Versionable": true,
          "Listable": true,
          "Securable": true
        }
      },
      "ContentTypePartDefinitionRecords": [
        {
          "PartName": "LandingPage",
          "Name": "LandingPage",
          "Settings": {
            "ContentTypePartSettings": {
              "Position": "8"
            }
          }
        },
        {
          "PartName": "AutoroutePart",
          "Name": "AutoroutePart",
          "Settings": {
            "AutoroutePartSettings": {
              "AllowCustomPath": true,
              "Pattern": "{{ Model.ContentItem | display_text | slugify }}",
              "ShowHomepageOption": true
            },
            "ContentTypePartSettings": {
              "Position": "1"
            }
          }
        },
        {
          "PartName": "TitlePart",
          "Name": "TitlePart",
          "Settings": {
            "ContentTypePartSettings": {
              "Position": "0"
            }
          }
        },
        {
          "PartName": "BagPart",
          "Name": "Services",
          "Settings": {
            "ContentTypePartSettings": {
              "DisplayName": "Services",
              "Description": "Provides a collection behavior for your content item.",
              "Position": "3"
            },
            "BagPartSettings": {
              "ContainedContentTypes": [
                "Service"
              ]
            }
          }
        },
        {
          "PartName": "BagPart",
          "Name": "Portfolio",
          "Settings": {
            "BagPartSettings": {
              "ContainedContentTypes": [
                "Project"
              ]
            },
            "ContentTypePartSettings": {
              "DisplayName": "Portfolio",
              "Description": "Provides a collection behavior for your content item.",
              "Position": "4"
            }
          }
        },
        {
          "PartName": "BagPart",
          "Name": "About",
          "Settings": {
            "ContentTypePartSettings": {
              "DisplayName": "About",
              "Description": "A collection of milestones",
              "Position": "5"
            },
            "BagPartSettings": {
              "ContainedContentTypes": [
                "Milestone"
              ]
            }
          }
        },
        {
          "PartName": "BagPart",
          "Name": "Team",
          "Settings": {
            "ContentTypePartSettings": {
              "DisplayName": "Team",
              "Description": "Team members",
              "Position": "6"
            },
            "BagPartSettings": {
              "ContainedContentTypes": [
                "TeamMember"
              ]
            }
          }
        },
        {
          "PartName": "BagPart",
          "Name": "Clients",
          "Settings": {
            "ContentTypePartSettings": {
              "DisplayName": "Clients",
              "Description": "Provides a collection behavior for your content item.",
              "Position": "7"
            },
            "BagPartSettings": {
              "ContainedContentTypes": [
                "Client"
              ]
            }
          }
        }
      ]
    },
    {
      "Name": "Service",
      "DisplayName": "Service",
      "Settings": {},
      "ContentTypePartDefinitionRecords": [
        {
          "PartName": "Service",
          "Name": "Service",
          "Settings": {
            "ContentTypePartSettings": {
              "Position": "2"
            }
          }
        },
        {
          "PartName": "HtmlBodyPart",
          "Name": "HtmlBodyPart",
          "Settings": {
            "ContentTypePartSettings": {
              "Position": "1"
            }
          }
        },
        {
          "PartName": "TitlePart",
          "Name": "TitlePart",
          "Settings": {
            "ContentTypePartSettings": {
              "Position": "0"
            }
          }
        }
      ]
    },
    {
      "Name": "Project",
      "DisplayName": "Project",
      "Settings": {},
      "ContentTypePartDefinitionRecords": [
        {
          "PartName": "Project",
          "Name": "Project",
          "Settings": {
            "ContentTypePartSettings": {
              "Position": "2"
            }
          }
        },
        {
          "PartName": "HtmlBodyPart",
          "Name": "HtmlBodyPart",
          "Settings": {
            "ContentTypePartSettings": {
              "Position": "1"
            }
          }
        },
        {
          "PartName": "TitlePart",
          "Name": "TitlePart",
          "Settings": {
            "ContentTypePartSettings": {
              "Position": "0"
            }
          }
        }
      ]
    },
    {
      "Name": "Milestone",
      "DisplayName": "Milestone",
      "Settings": {},
      "ContentTypePartDefinitionRecords": [
        {
          "PartName": "Milestone",
          "Name": "Milestone",
          "Settings": {
            "ContentTypePartSettings": {
              "Position": "0"
            }
          }
        },
        {
          "PartName": "HtmlBodyPart",
          "Name": "HtmlBodyPart",
          "Settings": {
            "ContentTypePartSettings": {
              "Position": "2"
            }
          }
        },
        {
          "PartName": "TitlePart",
          "Name": "TitlePart",
          "Settings": {
            "ContentTypePartSettings": {
              "Position": "1"
            }
          }
        }
      ]
    },
    {
      "Name": "TeamMember",
      "DisplayName": "Team Member",
      "Settings": {},
      "ContentTypePartDefinitionRecords": [
        {
          "PartName": "TeamMember",
          "Name": "TeamMember",
          "Settings": {
            "ContentTypePartSettings": {
              "Position": "1"
            }
          }
        },
        {
          "PartName": "TitlePart",
          "Name": "TitlePart",
          "Settings": {
            "ContentTypePartSettings": {
              "Position": "0"
            }
          }
        }
      ]
    },
    {
      "Name": "Client",
      "DisplayName": "Client",
      "Settings": {},
      "ContentTypePartDefinitionRecords": [
        {
          "PartName": "Client",
          "Name": "Client",
          "Settings": {
            "ContentTypePartSettings": {
              "Position": "1"
            }
          }
        },
        {
          "PartName": "TitlePart",
          "Name": "TitlePart",
          "Settings": {
            "ContentTypePartSettings": {
              "Position": "0"
            }
          }
        }
      ]
    },
    {
      "Name": "Container",
      "DisplayName": "Container",
      "Settings": {
        "ContentTypeSettings": {
          "Draftable": true,
          "Versionable": true,
          "Securable": true,
          "Stereotype": "Widget"
        }
      },
      "ContentTypePartDefinitionRecords": [
        {
          "PartName": "Container",
          "Name": "Container",
          "Settings": {
            "ContentTypePartSettings": {
              "Position": "0"
            }
          }
        },
        {
          "PartName": "FlowPart",
          "Name": "FlowPart",
          "Settings": {
            "ContentTypePartSettings": {
              "Position": "1"
            }
          }
        }
      ]
    },
    {
      "Name": "Blockquote",
      "DisplayName": "Blockquote",
      "Settings": {
        "ContentTypeSettings": {
          "Draftable": true,
          "Versionable": true,
          "Securable": true,
          "Stereotype": "Widget"
        }
      },
      "ContentTypePartDefinitionRecords": [
        {
          "PartName": "Blockquote",
          "Name": "Blockquote",
          "Settings": {
            "ContentTypePartSettings": {
              "Position": "0"
            }
          }
        }
      ]
    },
    {
      "Name": "ImageWidget",
      "DisplayName": "Image",
      "Settings": {
        "ContentTypeSettings": {
          "Draftable": true,
          "Versionable": true,
          "Securable": true,
          "Stereotype": "Widget"
        }
      },
      "ContentTypePartDefinitionRecords": [
        {
          "PartName": "Image",
          "Name": "Image",
          "Settings": {
            "ContentTypePartSettings": {
              "Position": "0"
            }
          }
        }
      ]
    },
    {
      "Name": "LiquidWidget",
      "DisplayName": "Liquid",
      "Settings": {
        "ContentTypeSettings": {
          "Draftable": true,
          "Versionable": true,
          "Securable": true,
          "Stereotype": "Widget"
        }
      },
      "ContentTypePartDefinitionRecords": [
        {
          "PartName": "LiquidPart",
          "Name": "LiquidPart",
          "Settings": {
            "ContentTypePartSettings": {
              "Position": "0"
            }
          }
        }
      ]
    },
    {
      "Name": "Image",
      "DisplayName": "Image",
      "Settings": {
        "ContentTypeSettings": {
          "Versionable": true,
          "Securable": true,
          "Stereotype": "Widget"
        }
      },
      "ContentTypePartDefinitionRecords": [
        {
          "PartName": "Image",
          "Name": "Image",
          "Settings": {
            "ContentTypePartSettings": {
              "Position": "0"
            }
          }
        },
        {
          "PartName": "TitlePart",
          "Name": "TitlePart",
          "Settings": {
            "ContentTypePartSettings": {
              "Position": "0"
            }
          }
        }
      ]
    },
    {
      "Name": "Paragraph",
      "DisplayName": "Paragraph",
      "Settings": {
        "ContentTypeSettings": {
          "Draftable": true,
          "Versionable": true,
          "Securable": true,
          "Stereotype": "Widget"
        }
      },
      "ContentTypePartDefinitionRecords": [
        {
          "PartName": "Paragraph",
          "Name": "Paragraph",
          "Settings": {
            "ContentTypePartSettings": {
              "Position": "0"
            }
          }
        }
      ]
    }
  ],
  "ContentPartDefinitionRecords": [
    {
      "Name": "LiquidPart",
      "Settings": {
        "ContentPartSettings": {}
      },
      "ContentPartFieldDefinitionRecords": []
    },
    {
      "Name": "CommonPart",
      "Settings": {
        "ContentPartSettings": {
          "Attachable": true,
          "Description": "Provides an editor for the common properties of a content item."
        }
      },
      "ContentPartFieldDefinitionRecords": []
    },
    {
      "Name": "AliasPart",
      "Settings": {
        "ContentPartSettings": {
          "Attachable": true,
          "Description": "Provides a way to define custom aliases for content items."
        }
      },
      "ContentPartFieldDefinitionRecords": []
    },
    {
      "Name": "AutoroutePart",
      "Settings": {
        "ContentPartSettings": {
          "Attachable": true,
          "Description": "Provides a custom url for your content item."
        }
      },
      "ContentPartFieldDefinitionRecords": []
    },
    {
      "Name": "PreviewPart",
      "Settings": {
        "ContentPartSettings": {
          "Attachable": true,
          "Description": "Provides a way to define the url that is used to render your content item."
        }
      },
      "ContentPartFieldDefinitionRecords": []
    },
    {
      "Name": "WidgetsListPart",
      "Settings": {
        "ContentPartSettings": {
          "Attachable": true,
          "Description": "Provides a way to add widgets per content items."
        }
      },
      "ContentPartFieldDefinitionRecords": []
    },
    {
      "Name": "FlowPart",
      "Settings": {
        "ContentPartSettings": {
          "Attachable": true,
          "Description": "Provides a customizable body for your content item."
        }
      },
      "ContentPartFieldDefinitionRecords": []
    },
    {
      "Name": "BagPart",
      "Settings": {
        "ContentPartSettings": {
          "Attachable": true,
          "Reusable": true,
          "Description": "Provides a collection behavior for your content item."
        }
      },
      "ContentPartFieldDefinitionRecords": []
    },
    {
      "Name": "HtmlBodyPart",
      "Settings": {
        "ContentPartSettings": {
          "Attachable": true,
          "Description": "Provides an HTML Body for your content item."
        }
      },
      "ContentPartFieldDefinitionRecords": []
    },
    {
      "Name": "ListPart",
      "Settings": {
        "ContentPartSettings": {
          "Attachable": true,
          "Description": "Add a list behavior."
        }
      },
      "ContentPartFieldDefinitionRecords": []
    },
    {
      "Name": "MarkdownBodyPart",
      "Settings": {
        "ContentPartSettings": {
          "Attachable": true,
          "Description": "Provides a Markdown formatted body for your content item."
        }
      },
      "ContentPartFieldDefinitionRecords": []
    },
    {
      "Name": "TitlePart",
      "Settings": {
        "ContentPartSettings": {
          "Attachable": true,
          "Description": "Provides a Title for your content item.",
          "DefaultPosition": "0"
        }
      },
      "ContentPartFieldDefinitionRecords": []
    },
    {
      "Name": "MenuPart",
      "Settings": {},
      "ContentPartFieldDefinitionRecords": []
    },
    {
      "Name": "MenuItemPart",
      "Settings": {},
      "ContentPartFieldDefinitionRecords": []
    },
    {
      "Name": "LinkMenuItemPart",
      "Settings": {
        "ContentPartSettings": {
          "Attachable": true,
          "Description": "Provides a menu link behavior for your content item."
        }
      },
      "ContentPartFieldDefinitionRecords": []
    },
    {
      "Name": "ContentMenuItemPart",
      "Settings": {
        "ContentPartSettings": {
          "Attachable": true,
          "DisplayName": "Content Menu Item",
          "Description": "Provides a menu link behavior with the Content Picker for your content item."
        }
      },
      "ContentPartFieldDefinitionRecords": [
        {
          "FieldName": "ContentPickerField",
          "Name": "SelectedContentItem",
          "Settings": {
            "ContentPartFieldSettings": {
              "DisplayName": "Selected Content Item",
              "Position": "0"
            },
            "ContentPickerFieldSettings": {
              "Required": true,
              "DisplayAllContentTypes": true,
              "DisplayedContentTypes": []
            },
            "ContentIndexSettings": {}
          }
        }
      ]
    },
    {
      "Name": "HtmlWidget",
      "Settings": {},
      "ContentPartFieldDefinitionRecords": [
        {
          "FieldName": "HtmlField",
          "Name": "Content",
          "Settings": {
            "ContentPartFieldSettings": {
              "DisplayName": "Content",
              "Editor": "Multiline",
              "Position": "0"
            }
          }
        }
      ]
    },
    {
      "Name": "MenuItem",
      "Settings": {},
      "ContentPartFieldDefinitionRecords": [
        {
          "FieldName": "TextField",
          "Name": "Link",
          "Settings": {
            "ContentPartFieldSettings": {
              "DisplayName": "Link",
              "Position": "0"
            }
          }
        }
      ]
    },
    {
      "Name": "Service",
      "Settings": {},
      "ContentPartFieldDefinitionRecords": [
        {
          "FieldName": "TextField",
          "Name": "IconClass",
          "Settings": {
            "ContentPartFieldSettings": {
              "DisplayName": "Icon Class",
              "Position": "0"
            },
            "TextFieldSettings": {
              "Hint": "The icon css class from font-awesome. e.g., fa-laptop, fa-shopping-cart, fa-lock"
            }
          }
        }
      ]
    },
    {
      "Name": "Project",
      "Settings": {},
      "ContentPartFieldDefinitionRecords": [
        {
          "FieldName": "MediaField",
          "Name": "Image",
          "Settings": {
            "ContentPartFieldSettings": {
              "DisplayName": "Image",
              "Position": "1"
            },
            "MediaFieldSettings": {
              "Required": true,
              "Multiple": false
            }
          }
        },
        {
          "FieldName": "TextField",
          "Name": "Category",
          "Settings": {
            "ContentPartFieldSettings": {
              "DisplayName": "Category",
              "Position": "0"
            },
            "TextFieldSettings": {
              "Hint": "The category that is displayed below the title"
            }
          }
        }
      ]
    },
    {
      "Name": "Milestone",
      "Settings": {},
      "ContentPartFieldDefinitionRecords": [
        {
          "FieldName": "TextField",
          "Name": "Date",
          "Settings": {
            "ContentPartFieldSettings": {
              "DisplayName": "Date",
              "Position": "0"
            }
          }
        },
        {
          "FieldName": "MediaField",
          "Name": "Image",
          "Settings": {
            "ContentPartFieldSettings": {
              "DisplayName": "Image",
              "Position": "1"
            },
            "MediaFieldSettings": {
              "Required": true,
              "Multiple": false
            }
          }
        }
      ]
    },
    {
      "Name": "TeamMember",
      "Settings": {},
      "ContentPartFieldDefinitionRecords": [
        {
          "FieldName": "TextField",
          "Name": "Occupation",
          "Settings": {
            "ContentPartFieldSettings": {
              "DisplayName": "Occupation",
              "Position": "0"
            }
          }
        },
        {
          "FieldName": "MediaField",
          "Name": "Picture",
          "Settings": {
            "ContentPartFieldSettings": {
              "DisplayName": "Picture",
              "Position": "1"
            },
            "MediaFieldSettings": {
              "Required": true,
              "Multiple": false
            }
          }
        },
        {
          "FieldName": "TextField",
          "Name": "Twitter",
          "Settings": {
            "ContentPartFieldSettings": {
              "DisplayName": "Twitter",
              "Position": "2"
            },
            "TextFieldSettings": {
              "Hint": "Twitter handle, e.g. @BillGates"
            }
          }
        },
        {
          "FieldName": "TextField",
          "Name": "Facebook",
          "Settings": {
            "ContentPartFieldSettings": {
              "DisplayName": "Facebook",
              "Position": "3"
            },
            "TextFieldSettings": {
              "Hint": "Facebook handle"
            }
          }
        },
        {
          "FieldName": "TextField",
          "Name": "LinkedIn",
          "Settings": {
            "ContentPartFieldSettings": {
              "DisplayName": "LinkedIn",
              "Position": "4"
            },
            "TextFieldSettings": {
              "Hint": "LinkedIn handle"
            }
          }
        }
      ]
    },
    {
      "Name": "Client",
      "Settings": {},
      "ContentPartFieldDefinitionRecords": [
        {
          "FieldName": "MediaField",
          "Name": "Logo",
          "Settings": {
            "ContentPartFieldSettings": {
              "DisplayName": "Logo",
              "Position": "0"
            },
            "MediaFieldSettings": {
              "Required": true,
              "Multiple": false
            }
          }
        },
        {
          "FieldName": "TextField",
          "Name": "Url",
          "Settings": {
            "ContentPartFieldSettings": {
              "DisplayName": "Url",
              "Position": "1"
            }
          }
        }
      ]
    },
    {
      "Name": "Blockquote",
      "Settings": {},
      "ContentPartFieldDefinitionRecords": [
        {
          "FieldName": "TextField",
          "Name": "Quote",
          "Settings": {
            "ContentPartFieldSettings": {
              "DisplayName": "Quote",
              "Position": "0",
              "Editor": "TextArea"
            }
          }
        }
      ]
    },
    {
      "Name": "Image",
      "Settings": {
        "ContentPartSettings": {
          "Attachable": true
        }
      },
      "ContentPartFieldDefinitionRecords": [
        {
          "FieldName": "MediaField",
          "Name": "Media",
          "Settings": {
            "ContentPartFieldSettings": {
              "DisplayName": "Image",
              "Position": "0"
            },
            "MediaFieldSettings": {
              "Required": true,
              "Multiple": false
            }
          }
        },
        {
          "FieldName": "TextField",
          "Name": "Caption",
          "Settings": {
            "ContentPartFieldSettings": {
              "DisplayName": "Caption",
              "Position": "1"
            },
            "TextFieldSettings": {
              "Hint": "A description of the image used as title or alternate text"
            }
          }
        }
      ]
    },
    {
      "Name": "Paragraph",
      "Settings": {},
      "ContentPartFieldDefinitionRecords": [
        {
          "FieldName": "HtmlField",
          "Name": "Content",
          "Settings": {
            "ContentPartFieldSettings": {
              "DisplayName": "Content",
              "Position": "0",
              "Editor": "Wysiwyg"
            }
          }
        }
      ]
    }
  ],
  "Serial": 108
}