﻿<?xml version="1.0" encoding="utf-8"?>
<key id="95dd7b62-4e7f-4dfd-b6ef-f56f5e646db5" version="1">
  <creationDate>2020-05-06T19:39:47.8371657Z</creationDate>
  <activationDate>2020-05-06T19:39:47.8345874Z</activationDate>
  <expirationDate>2020-08-04T19:39:47.8345874Z</expirationDate>
  <descriptor deserializerType="Microsoft.AspNetCore.DataProtection.AuthenticatedEncryption.ConfigurationModel.AuthenticatedEncryptorDescriptorDeserializer, Microsoft.AspNetCore.DataProtection, Version=3.1.3.0, Culture=neutral, PublicKeyToken=adb9793829ddae60">
    <descriptor>
      <encryption algorithm="AES_256_CBC" />
      <validation algorithm="HMACSHA256" />
      <encryptedSecret decryptorType="Microsoft.AspNetCore.DataProtection.XmlEncryption.NullXmlDecryptor, Microsoft.AspNetCore.DataProtection, Version=3.1.3.0, Culture=neutral, PublicKeyToken=adb9793829ddae60" xmlns="http://schemas.asp.net/2015/03/dataProtection">
        <unencryptedKey xmlns="">
          <!-- This key is not encrypted. -->
          <masterKey p6:requiresEncryption="true" xmlns:p6="http://schemas.asp.net/2015/03/dataProtection">
            <!-- Warning: the key below is in an unencrypted form. -->
            <value>f+7nS4uqlyg3BgrcW9Z1qdg+TL6wbh4bb21VxqrgnX7IThJWE8FWo4HGUAPcAV247YPHDaZ8SFibKoIwYobJDg==</value>
          </masterKey>
        </unencryptedKey>
      </encryptedSecret>
    </descriptor>
  </descriptor>
</key>