{
  "Id": 0,
  "ContentTypeDefinitionRecords": [
    {
      "Name": "Menu",
      "DisplayName": "Menu",
      "Settings": {
        "Draftable": "True",
        "Versionable": "True",
        "Listable": "True"
      },
      "ContentTypePartDefinitionRecords": [
        {
          "PartName": "TitlePart",
          "Name": "TitlePart",
          "Settings": {
            "Position": "0"
          }
        },
        {
          "PartName": "AliasPart",
          "Name": "AliasPart",
          "Settings": {
            "Position": "1",
            "AliasPartSettings": {
              "Pattern": "{{ ContentItem | display_text | slugify }}"
            }
          }
        },
        {
          "PartName": "MenuPart",
          "Name": "MenuPart",
          "Settings": {
            "Position": "2"
          }
        },
        {
          "PartName": "MenuItemsListPart",
          "Name": "MenuItemsListPart",
          "Settings": {
            "Position": "3"
          }
        }
      ]
    },
    {
      "Name": "LinkMenuItem",
      "DisplayName": "Link Menu Item",
      "Settings": {
        "Stereotype": "MenuItem"
      },
      "ContentTypePartDefinitionRecords": [
        {
          "PartName": "LinkMenuItemPart",
          "Name": "LinkMenuItemPart",
          "Settings": {
            "Position": "0"
          }
        },
        {
          "PartName": "LinkMenuItem",
          "Name": "LinkMenuItem",
          "Settings": {
            "Position": "1"
          }
        }
      ]
    },
    {
      "Name": "Article",
      "DisplayName": "Article",
      "Settings": {
        "Creatable": "True",
        "Draftable": "True",
        "Versionable": "True",
        "Listable": "True",
        "Securable": "False",
        "Stereotype": null
      },
      "ContentTypePartDefinitionRecords": [
        {
          "PartName": "Article",
          "Name": "Article",
          "Settings": {
            "Position": "2"
          }
        },
        {
          "PartName": "AutoroutePart",
          "Name": "AutoroutePart",
          "Settings": {
            "ContentIndexSettings": {
              "Included": false,
              "Stored": false,
              "Analyzed": false,
              "Sanitized": false,
              "Tokenized": false,
              "Template": null
            },
            "Pattern": "{{ ContentItem | display_text | slugify }}",
            "AllowCustomPath": "True",
            "ShowHomepageOption": "True",
            "Position": "1"
          }
        },
        {
          "PartName": "HtmlBodyPart",
          "Name": "HtmlBodyPart",
          "Settings": {
            "ContentIndexSettings": {
              "Included": false,
              "Stored": false,
              "Analyzed": false,
              "Sanitized": false,
              "Tokenized": false,
              "Template": null
            },
            "Editor": "Wysiwyg",
            "Position": "3"
          }
        },
        {
          "PartName": "TitlePart",
          "Name": "TitlePart",
          "Settings": {
            "Position": "0"
          }
        }
      ]
    },
    {
      "Name": "LiquidPage",
      "DisplayName": "Liquid Page",
      "Settings": {
        "Creatable": "True",
        "Draftable": "True",
        "Versionable": "True",
        "Listable": "True",
        "Securable": "False",
        "Stereotype": null
      },
      "ContentTypePartDefinitionRecords": [
        {
          "PartName": "LiquidPage",
          "Name": "LiquidPage",
          "Settings": {
            "Position": "2"
          }
        },
        {
          "PartName": "AutoroutePart",
          "Name": "AutoroutePart",
          "Settings": {
            "ContentIndexSettings": {
              "Included": false,
              "Stored": false,
              "Analyzed": false,
              "Sanitized": false,
              "Tokenized": false,
              "Template": null
            },
            "Pattern": "{{ ContentItem | display_text | slugify }}",
            "AllowCustomPath": "True",
            "ShowHomepageOption": "True",
            "Position": "1"
          }
        },
        {
          "PartName": "LiquidPart",
          "Name": "LiquidPart",
          "Settings": {
            "ContentIndexSettings": {
              "Included": false,
              "Stored": false,
              "Analyzed": false,
              "Sanitized": false,
              "Tokenized": false,
              "Template": null
            },
            "Position": "3"
          }
        },
        {
          "PartName": "TitlePart",
          "Name": "TitlePart",
          "Settings": {
            "Position": "0"
          }
        }
      ]
    },
    {
      "Name": "BlogPost",
      "DisplayName": "Blog Post",
      "Settings": {
        "Creatable": "False",
        "Draftable": "True",
        "Versionable": "True",
        "Listable": "False",
        "Securable": "True",
        "Stereotype": null
      },
      "ContentTypePartDefinitionRecords": [
        {
          "PartName": "BlogPost",
          "Name": "BlogPost",
          "Settings": {
            "Position": "2"
          }
        },
        {
          "PartName": "AutoroutePart",
          "Name": "AutoroutePart",
          "Settings": {
            "Position": "1",
            "ContentIndexSettings": {
              "Included": false,
              "Stored": false,
              "Analyzed": false,
              "Sanitized": false,
              "Tokenized": false,
              "Template": null
            },
            "Pattern": "{{ ContentItem | container | display_text | slugify }}/{{ ContentItem | display_text | slugify }}",
            "AllowCustomPath": "True",
            "ShowHomepageOption": "False"
          }
        },
        {
          "PartName": "MarkdownBodyPart",
          "Name": "MarkdownBodyPart",
          "Settings": {
            "Position": "3",
            "ContentIndexSettings": {
              "Included": false,
              "Stored": false,
              "Analyzed": false,
              "Sanitized": false,
              "Tokenized": false,
              "Template": null
            },
            "Editor": "Wysiwyg"
          }
        },
        {
          "PartName": "TitlePart",
          "Name": "TitlePart",
          "Settings": {
            "Position": "0"
          }
        }
      ]
    },
    {
      "Name": "Blog",
      "DisplayName": "Blog",
      "Settings": {
        "Creatable": "True",
        "Draftable": "True",
        "Versionable": "True",
        "Listable": "True",
        "Securable": "True",
        "Stereotype": null
      },
      "ContentTypePartDefinitionRecords": [
        {
          "PartName": "Blog",
          "Name": "Blog",
          "Settings": {
            "Position": "0"
          }
        },
        {
          "PartName": "AutoroutePart",
          "Name": "AutoroutePart",
          "Settings": {
            "Position": "2",
            "ContentIndexSettings": {
              "Included": false,
              "Stored": false,
              "Analyzed": false,
              "Sanitized": false,
              "Tokenized": false,
              "Template": null
            },
            "Pattern": "{{ ContentItem | display_text | slugify }}",
            "AllowCustomPath": "True",
            "ShowHomepageOption": "True"
          }
        },
        {
          "PartName": "ListPart",
          "Name": "ListPart",
          "Settings": {
            "Position": "4",
            "ContentIndexSettings": {
              "Included": false,
              "Stored": false,
              "Analyzed": false,
              "Sanitized": false,
              "Tokenized": false,
              "Template": null
            },
            "PageSize": 10,
            "ContainedContentTypes": [
              "BlogPost"
            ]
          }
        },
        {
          "PartName": "TitlePart",
          "Name": "TitlePart",
          "Settings": {
            "Position": "1"
          }
        },
        {
          "PartName": "HtmlBodyPart",
          "Name": "HtmlBodyPart",
          "Settings": {
            "Position": "3"
          }
        }
      ]
    },
    {
      "Name": "Container",
      "DisplayName": "Container",
      "Settings": {
        "Creatable": "False",
        "Draftable": "True",
        "Versionable": "True",
        "Listable": "False",
        "Securable": "True",
        "Stereotype": "Widget"
      },
      "ContentTypePartDefinitionRecords": [
        {
          "PartName": "Container",
          "Name": "Container",
          "Settings": {
            "Position": "0"
          }
        },
        {
          "PartName": "FlowPart",
          "Name": "FlowPart",
          "Settings": {
            "Position": "1"
          }
        }
      ]
    },
    {
      "Name": "Blockquote",
      "DisplayName": "Blockquote",
      "Settings": {
        "Creatable": "False",
        "Draftable": "True",
        "Versionable": "True",
        "Listable": "False",
        "Securable": "True",
        "Stereotype": "Widget"
      },
      "ContentTypePartDefinitionRecords": [
        {
          "PartName": "Blockquote",
          "Name": "Blockquote",
          "Settings": {
            "Position": "0"
          }
        }
      ]
    },
    {
      "Name": "ImageWidget",
      "DisplayName": "Image",
      "Settings": {
        "Creatable": "False",
        "Draftable": "True",
        "Versionable": "True",
        "Listable": "False",
        "Securable": "True",
        "Stereotype": "Widget"
      },
      "ContentTypePartDefinitionRecords": [
        {
          "PartName": "Image",
          "Name": "Image",
          "Settings": {
            "Position": "0"
          }
        }
      ]
    },
    {
      "Name": "LiquidWidget",
      "DisplayName": "Liquid",
      "Settings": {
        "Creatable": "False",
        "Draftable": "True",
        "Versionable": "True",
        "Listable": "True",
        "Securable": "True",
        "Stereotype": "Widget"
      },
      "ContentTypePartDefinitionRecords": [
        {
          "PartName": "LiquidPart",
          "Name": "LiquidPart",
          "Settings": {
            "Position": "0"
          }
        }
      ]
    },
    {
      "Name": "Image",
      "DisplayName": "Image",
      "Settings": {
        "Creatable": "False",
        "Draftable": "False",
        "Versionable": "True",
        "Listable": "False",
        "Securable": "False",
        "Stereotype": null
      },
      "ContentTypePartDefinitionRecords": [
        {
          "PartName": "Image",
          "Name": "Image",
          "Settings": {
            "Position": "0"
          }
        },
        {
          "PartName": "TitlePart",
          "Name": "TitlePart",
          "Settings": {
            "Position": "0"
          }
        }
      ]
    },
    {
      "Name": "Paragraph",
      "DisplayName": "Paragraph",
      "Settings": {
        "Creatable": "False",
        "Draftable": "True",
        "Versionable": "True",
        "Listable": "False",
        "Securable": "True",
        "Stereotype": "Widget"
      },
      "ContentTypePartDefinitionRecords": [
        {
          "PartName": "Paragraph",
          "Name": "Paragraph",
          "Settings": {
            "Position": "0"
          }
        }
      ]
    },
    {
      "Name": "RawHtml",
      "DisplayName": "Raw Html",
      "Settings": {
        "Creatable": "False",
        "Draftable": "True",
        "Versionable": "True",
        "Listable": "False",
        "Securable": "True",
        "Stereotype": "Widget"
      },
      "ContentTypePartDefinitionRecords": [
        {
          "PartName": "RawHtml",
          "Name": "RawHtml",
          "Settings": {
            "Position": "0"
          }
        }
      ]
    },
    {
      "Name": "Page",
      "DisplayName": "Page",
      "Settings": {
        "Creatable": "True",
        "Draftable": "True",
        "Versionable": "True",
        "Listable": "True",
        "Securable": "True",
        "Stereotype": null
      },
      "ContentTypePartDefinitionRecords": [
        {
          "PartName": "Page",
          "Name": "Page",
          "Settings": {
            "Position": "3"
          }
        },
        {
          "PartName": "AutoroutePart",
          "Name": "AutoroutePart",
          "Settings": {
            "Position": "1",
            "ContentIndexSettings": {
              "Included": false,
              "Stored": false,
              "Analyzed": false,
              "Sanitized": false,
              "Tokenized": false,
              "Template": null
            },
            "Pattern": "{{ ContentItem | display_text | slugify }}",
            "AllowCustomPath": "True",
            "ShowHomepageOption": "True"
          }
        },
        {
          "PartName": "FlowPart",
          "Name": "FlowPart",
          "Settings": {
            "Position": "2"
          }
        },
        {
          "PartName": "TitlePart",
          "Name": "TitlePart",
          "Settings": {
            "Position": "0"
          }
        }
      ]
    }
  ],
  "ContentPartDefinitionRecords": [
    {
      "Name": "CommonPart",
      "Settings": {
        "Attachable": "True",
        "Description": "Provides an editor for the common properties of a content item."
      },
      "ContentPartFieldDefinitionRecords": []
    },
    {
      "Name": "LiquidPart",
      "Settings": {
        "Attachable": "True",
        "Description": "Provides a Liquid formatted body for your content item."
      },
      "ContentPartFieldDefinitionRecords": []
    },
    {
      "Name": "AliasPart",
      "Settings": {
        "Attachable": "True",
        "Description": "Provides a way to define custom aliases for content items."
      },
      "ContentPartFieldDefinitionRecords": []
    },
    {
      "Name": "AutoroutePart",
      "Settings": {
        "Attachable": "True",
        "Description": "Provides a custom url for your content item."
      },
      "ContentPartFieldDefinitionRecords": []
    },
    {
      "Name": "WidgetsListPart",
      "Settings": {
        "Attachable": "True",
        "Description": "Provides a way to add widgets per content items."
      },
      "ContentPartFieldDefinitionRecords": []
    },
    {
      "Name": "FlowPart",
      "Settings": {
        "Attachable": "True",
        "Description": "Provides a customizable body for your content item."
      },
      "ContentPartFieldDefinitionRecords": []
    },
    {
      "Name": "BagPart",
      "Settings": {
        "Attachable": "True",
        "Reusable": "True",
        "Description": "Provides a collection behavior for your content item."
      },
      "ContentPartFieldDefinitionRecords": []
    },
    {
      "Name": "HtmlBodyPart",
      "Settings": {
        "Attachable": "True",
        "Description": "Provides an HTML Body for your content item."
      },
      "ContentPartFieldDefinitionRecords": []
    },
    {
      "Name": "ListPart",
      "Settings": {
        "Attachable": "True",
        "Description": "Add a list behavior."
      },
      "ContentPartFieldDefinitionRecords": []
    },
    {
      "Name": "MarkdownBodyPart",
      "Settings": {
        "Attachable": "True",
        "Description": "Provides a Markdown formatted body for your content item."
      },
      "ContentPartFieldDefinitionRecords": []
    },
    {
      "Name": "TitlePart",
      "Settings": {
        "Attachable": "True",
        "Description": "Provides a Title for your content item.",
        "DefaultPosition": "0"
      },
      "ContentPartFieldDefinitionRecords": []
    },
    {
      "Name": "MenuPart",
      "Settings": {},
      "ContentPartFieldDefinitionRecords": []
    },
    {
      "Name": "MenuItemPart",
      "Settings": {},
      "ContentPartFieldDefinitionRecords": []
    },
    {
      "Name": "LinkMenuItemPart",
      "Settings": {
        "Attachable": true,
        "Description": "Provides a menu link behavior for your content item."
      },
      "ContentPartFieldDefinitionRecords": []
    },
    {
      "Name": "BlogPost",
      "Settings": {},
      "ContentPartFieldDefinitionRecords": [
        {
          "FieldName": "TextField",
          "Name": "Subtitle",
          "Settings": {
            "DisplayName": "Subtitle"
          }
        }
      ]
    },
    {
      "Name": "Article",
      "Settings": {},
      "ContentPartFieldDefinitionRecords": [
        {
          "FieldName": "TextField",
          "Name": "Subtitle",
          "Settings": {
            "DisplayName": "Subtitle"
          }
        }
      ]
    },
    {
      "Name": "Blockquote",
      "Settings": {},
      "ContentPartFieldDefinitionRecords": [
        {
          "FieldName": "TextField",
          "Name": "Quote",
          "Settings": {
            "DisplayName": "Quote",
            "ContentIndexSettings": {
              "Included": false,
              "Stored": false,
              "Analyzed": false,
              "Sanitized": false,
              "Tokenized": false
            },
            "Hint": null,
            "Editor": "TextArea",
            "Position": "0"
          }
        }
      ]
    },
    {
      "Name": "Image",
      "Settings": {
        "Attachable": true
      },
      "ContentPartFieldDefinitionRecords": [
        {
          "FieldName": "MediaField",
          "Name": "Media",
          "Settings": {
            "DisplayName": "Image",
            "ContentIndexSettings": {
              "Included": false,
              "Stored": false,
              "Analyzed": false,
              "Sanitized": false,
              "Tokenized": false
            },
            "Hint": null,
            "Editor": null,
            "Position": "0",
            "Multiple": false,
            "Required": true
          }
        },
        {
          "FieldName": "TextField",
          "Name": "Caption",
          "Settings": {
            "DisplayName": "Caption",
            "ContentIndexSettings": {
              "Included": false,
              "Stored": false,
              "Analyzed": false,
              "Sanitized": false,
              "Tokenized": false,
              "Template": null
            },
            "Hint": "A description of the image used as title or alternate text",
            "Editor": null,
            "Position": "1"
          }
        }
      ]
    },
    {
      "Name": "Paragraph",
      "Settings": {},
      "ContentPartFieldDefinitionRecords": [
        {
          "FieldName": "HtmlField",
          "Name": "Content",
          "Settings": {
            "DisplayName": "Content",
            "ContentIndexSettings": {
              "Included": false,
              "Stored": false,
              "Analyzed": false,
              "Sanitized": false,
              "Tokenized": false
            },
            "Hint": null,
            "Editor": "Wysiwyg",
            "Position": "0"
          }
        }
      ]
    },
    {
      "Name": "RawHtml",
      "Settings": {},
      "ContentPartFieldDefinitionRecords": [
        {
          "FieldName": "HtmlField",
          "Name": "Content",
          "Settings": {
            "DisplayName": "Content",
            "ContentIndexSettings": {
              "Included": false,
              "Stored": false,
              "Analyzed": false,
              "Sanitized": false,
              "Tokenized": false
            },
            "Hint": null,
            "Editor": "Multiline",
            "Position": "0"
          }
        }
      ]
    }
  ],
  "Serial": 48
}